SYMBOL,Sector,holidays
20MICRONS-EQ,Chemicals,22-01-2024
21STCENMGM-EQ,Investment Banking & Investment Services,26-01-2024
3BBLACKBIO-EQ,NO DATA,08-03-2024
3IINFOLTD-EQ,Software & IT Services,25-03-2024
3PLAND-EQ,Investment Banking & Investment Services,29-03-2024
5PAISA-EQ,Investment Banking & Investment Services,11-04-2024
63MOONS-EQ,Software & IT Services,17-04-2024
A2ZINFRA-EQ,Construction & Engineering,01-05-2024
AAATECH-EQ,Software & IT Services,17-06-2024
AARNAV-EQ,Textiles & Apparel,17-07-2024
AARON-EQ,"Machinery, Equipment & Components",15-08-2024
AARTECH-EQ,"Machinery, Equipment & Components",02-10-2024
AARTIDRUGS-EQ,Pharmaceuticals,01-11-2024
AARTIPHARM-EQ,Pharmaceuticals,15-11-2024
AARTISURF-EQ,Chemicals,20-11-2024
AARVI-EQ,Professional & Commercial Services,25-12-2024
ABCOTS-EQ,Textiles & Apparel,26-01-2025
ABINFRA-EQ,Construction & Engineering,26-02-2025
ABMINTLLTD-EQ,Chemicals,14-03-2025
ABMKNO-EQ,NO DATA,31-03-2025
ACCELYA-EQ,Software & IT Services,06-04-2025
ACCURACY-EQ,Freight & Logistics Services,10-04-2025
ACEINTEG-EQ,Professional & Commercial Services,14-04-2025
ACI-EQ,Chemicals,18-04-2025
ACL-EQ,Construction Materials,01-05-2025
ACSTECH-EQ,NO DATA,07-06-2025
ADFFOODS-EQ,Food & Tobacco,06-07-2025
ADL-EQ,Paper & Forest Products,15-08-2025
ADOR-EQ,"Machinery, Equipment & Components",27-08-2025
ADROITINFO-EQ,Software & IT Services,02-10-2025
ADSL-EQ,Software & IT Services,21-10-2025
ADVAIT-EQ,"Machinery, Equipment & Components",22-10-2025
ADVANCE-EQ,Chemicals,05-11-2025
ADVANIHOTR-EQ,Hotels & Entertainment Services,25-12-2025
ADVENTHTL-EQ,Hotels & Entertainment Services,
ADVENZYMES-EQ,Chemicals,
AEPL-EQ,"Machinery, Equipment & Components",
AEQUS-EQ,Aerospace & Defense,
AEROENTER-EQ,Metals & Mining,
AEROFLEX-EQ,Metals & Mining,
AERONEU-EQ,Chemicals,
AETHER-EQ,Chemicals,
AFSL-EQ,Investment Banking & Investment Services,
AGARIND-EQ,Chemicals,
AGARWALEYE-EQ,Healthcare Providers & Services,
AGI-EQ,Containers & Packaging,
AGIIL-EQ,Real Estate Operations,
AGRITECH-EQ,Food & Tobacco,
AGROPHOS-EQ,Chemicals,
AHCL-EQ,Pharmaceuticals,
AHLADA-EQ,Homebuilding & Construction Supplies,
AHLEAST-EQ,Hotels & Entertainment Services,
AHLUCONT-EQ,Construction & Engineering,
AIRAN-EQ,Software & IT Services,
AIROLAM-EQ,Paper & Forest Products,
AJAXENGG-EQ,"Machinery, Equipment & Components",
AJMERA-EQ,Real Estate Operations,
AJOONI-EQ,Food & Tobacco,
AKASH-EQ,Construction & Engineering,
AKCAPIT-EQ,NO DATA,
AKG-EQ,Food & Drug Retailing,
AKI-EQ,Textiles & Apparel,
AKSHAR-EQ,Textiles & Apparel,
AKSHARCHEM-EQ,Chemicals,
AKUMS-EQ,Pharmaceuticals,
ALANKIT-EQ,Software & IT Services,
ALBERTDAVD-EQ,Pharmaceuticals,
ALEMBICLTD-EQ,Real Estate Operations,
ALGOQUANT-EQ,Financial Technology (Fintech) & Infrastructure,
ALICON-EQ,Metals & Mining,
ALIVUS-EQ,Pharmaceuticals,
ALKALI-EQ,Chemicals,
ALKYLAMINE-EQ,Chemicals,
ALLCARGO-EQ,Freight & Logistics Services,
ALLDIGI-EQ,Software & IT Services,
ALLTIME-EQ,Chemicals,
ALMONDZ-EQ,Investment Banking & Investment Services,
ALOKINDS-EQ,Textiles & Apparel,
ALPA-EQ,Pharmaceuticals,
ALPHAGEO-EQ,Metals & Mining,
AMAGI-EQ,Software & IT Services,
AMANTA-EQ,Pharmaceuticals,
AMBALALSA-EQ,NO DATA,
AMBICAAGAR-EQ,Personal & Household Products & Services,
AMBIKCO-EQ,Textiles & Apparel,
AMDIND-EQ,Containers & Packaging,
AMIRCHAND-EQ,Food & Tobacco,
AMJLAND-EQ,Real Estate Operations,
AMNPLST-EQ,Chemicals,
AMRUTANJAN-EQ,Pharmaceuticals,
ANDHRAPAP-EQ,Paper & Forest Products,
ANDHRSUGAR-EQ,Chemicals,
ANMOL-EQ,Coal,
ANTELOPUS-EQ,Oil & Gas,
ANTGRAPHIC-EQ,Containers & Packaging,
ANUHPHR-EQ,Pharmaceuticals,
ANUP-EQ,"Machinery, Equipment & Components",
APCL-EQ,Construction Materials,
APCOTEXIND-EQ,Chemicals,
APEX-EQ,Food & Tobacco,
APLLTD-EQ,Pharmaceuticals,
APOLLO-EQ,Aerospace & Defense,
APOLLOPIPE-EQ,Homebuilding & Construction Supplies,
APOLSINHOT-EQ,Hotels & Entertainment Services,
APTECHT-EQ,Professional & Business Education,
AQYLON-EQ,Media & Publishing,
ARCHIDPLY-EQ,Paper & Forest Products,
ARCHIES-EQ,Specialty Retailers,
ARENTERP-EQ,Professional & Commercial Services,
ARFIN-EQ,Metals & Mining,
ARIES-EQ,Chemicals,
ARIHANT-EQ,NO DATA,
ARIHANTCAP-EQ,Investment Banking & Investment Services,
ARIHANTSUP-EQ,Real Estate Operations,
ARIS-EQ,Software & IT Services,
ARKADE-EQ,Real Estate Operations,
ARMANFIN-EQ,Banking Services,
AROGRANITE-EQ,Construction Materials,
ARROWGREEN-EQ,Containers & Packaging,
ARSSBL-EQ,Investment Banking & Investment Services,
ARTEMISMED-EQ,Healthcare Providers & Services,
ARTNIRMAN-EQ,Real Estate Operations,
ARVEE-EQ,Chemicals,
ARVIND-EQ,Textiles & Apparel,
ARVINDFASN-EQ,Specialty Retailers,
ARVSMART-EQ,Real Estate Operations,
ASAHISONG-EQ,Chemicals,
ASAL-EQ,Automobiles & Auto Parts,
ASALCBR-EQ,Beverages,
ASHAPURMIN-EQ,Metals & Mining,
ASHIANA-EQ,Real Estate Operations,
ASHIKA-EQ,Banking Services,
ASHIMASYN-EQ,Real Estate Operations,
ASHOKA-EQ,Construction & Engineering,
ASHOKAMET-EQ,Metals & Mining,
ASIANENE-EQ,Oil & Gas Related Equipment and Services,
ASIANHOTNR-EQ,Hotels & Entertainment Services,
ASIANTILES-EQ,Homebuilding & Construction Supplies,
ASKAUTOLTD-EQ,Automobiles & Auto Parts,
ASMS-EQ,Software & IT Services,
ASPINWALL-EQ,Freight & Logistics Services,
ASTAR-EQ,NO DATA,
ASTEC-EQ,Chemicals,
ASTRAMICRO-EQ,Electronic Equipment & Parts,
ASTRAZEN-EQ,Pharmaceuticals,
ATALREAL-EQ,Construction & Engineering,
ATAM-EQ,"Machinery, Equipment & Components",
ATL-EQ,Transport Infrastructure,
ATLANTAA-EQ,Construction & Engineering,
ATLANTAELE-EQ,"Machinery, Equipment & Components",
ATLASCYCLE-EQ,Leisure Products,
ATULAUTO-EQ,Automobiles & Auto Parts,
AURIGROW-EQ,"Machinery, Equipment & Components",
AURIONPRO-EQ,Software & IT Services,
AURUM-EQ,Real Estate Operations,
AUTOAXLES-EQ,Automobiles & Auto Parts,
AVAILFC-EQ,NO DATA,
AVALON-EQ,Electronic Equipment & Parts,
AVANTEL-EQ,Communications & Networking,
AVANTIFEED-EQ,Food & Tobacco,
AVG-EQ,Freight & Logistics Services,
AVL-EQ,Specialty Retailers,
AVONMORE-EQ,Investment Banking & Investment Services,
AVROIND-EQ,Household Goods,
AVTNPL-EQ,Food & Tobacco,
AWFIS-EQ,Real Estate Operations,
AWHCL-EQ,Professional & Commercial Services,
AXISCADES-EQ,Professional & Commercial Services,
AXITA-EQ,Textiles & Apparel,
AYE-EQ,Banking Services,
AYMSYNTEX-EQ,Textiles & Apparel,
AZAD-EQ,"Machinery, Equipment & Components",
BAFNAPH-EQ,Pharmaceuticals,
BAGFILMS-EQ,Media & Publishing,
BAIDFIN-EQ,Banking Services,
BAJAJCON-EQ,Personal & Household Products & Services,
BAJAJELEC-EQ,Household Goods,
BAJAJHCARE-EQ,Pharmaceuticals,
BAJAJHIND-EQ,Food & Tobacco,
BAJAJINDEF-EQ,"Machinery, Equipment & Components",
BAJAJST-EQ,NO DATA,
BAJEL-EQ,Construction & Engineering,
BALAJEE-EQ,Containers & Packaging,
BALAJITELE-EQ,Media & Publishing,
BALAMINES-EQ,Chemicals,
BALKRISHNA-EQ,Paper & Forest Products,
BALMLAWRIE-EQ,Consumer Goods Conglomerates,
BALPHARMA-EQ,Pharmaceuticals,
BALUFORGE-EQ,"Machinery, Equipment & Components",
BANARBEADS-EQ,Textiles & Apparel,
BANARISUG-EQ,Food & Tobacco,
BANCOINDIA-EQ,Automobiles & Auto Parts,
BANG-EQ,Textiles & Apparel,
BANSALWIRE-EQ,Metals & Mining,
BANSWRAS-EQ,Textiles & Apparel,
BASF-EQ,Chemicals,
BASML-EQ,Textiles & Apparel,
BATLIBOI-EQ,"Machinery, Equipment & Components",
BBL-EQ,"Machinery, Equipment & Components",
BBOX-EQ,Software & IT Services,
BBTCL-EQ,Containers & Packaging,
BCG-EQ,Media & Publishing,
BCLIND-EQ,Food & Tobacco,
BCONCEPTS-EQ,Textiles & Apparel,
BCPL-EQ,Transport Infrastructure,
BEARDSELL-EQ,Homebuilding & Construction Supplies,
BECTORFOOD-EQ,Food & Tobacco,
BEDMUTHA-EQ,Metals & Mining,
BEEKAY-EQ,Metals & Mining,
BELLACASA-EQ,Household Goods,
BENGALASM-EQ,NO DATA,
BEPL-EQ,Chemicals,
BESTAGRO-EQ,Chemicals,
BETA-EQ,Pharmaceuticals,
BFINVEST-EQ,Investment Banking & Investment Services,
BFUTILITIE-EQ,Construction & Engineering,
BHAGCHEM-EQ,Chemicals,
BHAGERIA-EQ,Chemicals,
BHARATCOAL-EQ,Metals & Mining,
BHARATGEAR-EQ,Automobiles & Auto Parts,
BHARATRAS-EQ,Chemicals,
BHARATSE-EQ,Automobiles & Auto Parts,
BHARATWIRE-EQ,Metals & Mining,
BI-EQ,NO DATA,
BIGBLOC-EQ,Construction Materials,
BIL-EQ,Textiles & Apparel,
BIMETAL-EQ,NO DATA,
BIOFILCHEM-EQ,Pharmaceuticals,
BIRLACORPN-EQ,Construction Materials,
BIRLAMONEY-EQ,Investment Banking & Investment Services,
BIRLANU-EQ,Homebuilding & Construction Supplies,
BIRLAPREC-EQ,NO DATA,
BLACKBUCK-EQ,Software & IT Services,
BLACKROSE-EQ,NO DATA,
BLAL-EQ,Holding Companies,
BLIL-EQ,NO DATA,
BLISSGVS-EQ,Pharmaceuticals,
BLKASHYAP-EQ,Construction & Engineering,
BLSE-EQ,Software & IT Services,
BLUECHIP-EQ,Investment Banking & Investment Services,
BLUESTONE-EQ,Textiles & Apparel,
BLUSPRING-EQ,Professional & Commercial Services,
BMWVENTLTD-EQ,Metals & Mining,
BNALTD-EQ,NO DATA,
BOMDYEING-EQ,Textiles & Apparel,
BONLON-EQ,Metals & Mining,
BORANA-EQ,Textiles & Apparel,
BOROLTD-EQ,Household Goods,
BORORENEW-EQ,Renewable Energy,
BOROSCI-EQ,Healthcare Equipment & Supplies,
BOSCH-HCIL-EQ,NO DATA,
BPL-EQ,"Computers, Phones & Household Electronics",
BRIGHOTEL-EQ,Hotels & Entertainment Services,
BRNL-EQ,Construction & Engineering,
BSL-EQ,Textiles & Apparel,
BTML-EQ,Media & Publishing,
BTTL-EQ,Textiles & Apparel,
BUILDPRO-EQ,Homebuilding & Construction Supplies,
BUTTERFLY-EQ,Household Goods,
BVCL-EQ,Construction Materials,
BYKE-EQ,Hotels & Entertainment Services,
CAMLINFINE-EQ,Chemicals,
CAMPUS-EQ,Textiles & Apparel,
CANTABIL-EQ,Textiles & Apparel,
CAPACITE-EQ,Construction & Engineering,
CAPILLARY-EQ,Software & IT Services,
CAPITALSFB-EQ,Banking Services,
CARERATING-EQ,Professional & Commercial Services,
CARRARO-EQ,Automobiles & Auto Parts,
CARYSIL-EQ,Homebuilding & Construction Supplies,
CCAVENUE-EQ,Financial Technology (Fintech) & Infrastructure,
CCCL-EQ,Construction & Engineering,
CCHHL-EQ,Hotels & Entertainment Services,
CEIGALL-EQ,Construction & Engineering,
CEINSYS-EQ,Software & IT Services,
CELEBRITY-EQ,Textiles & Apparel,
CELLO-EQ,Household Goods,
CENTENKA-EQ,Textiles & Apparel,
CENTEXT-EQ,Metals & Mining,
CENTRUM-EQ,Banking Services,
CENTUM-EQ,"Machinery, Equipment & Components",
CENTURYPLY-EQ,Paper & Forest Products,
CERA-EQ,Homebuilding & Construction Supplies,
CEWATER-EQ,Water Utilities,
CHEMCON-EQ,Chemicals,
CHEMPLASTS-EQ,Chemicals,
CHEVIOT-EQ,Textiles & Apparel,
CIFL-EQ,Banking Services,
CINELINE-EQ,Hotels & Entertainment Services,
CINEVISTA-EQ,Media & Publishing,
CLEANMAX-EQ,Electrical Utilities & IPPs,
CLSEL-EQ,Food & Tobacco,
CMPDI-EQ,Professional & Business Education,
CMSINFO-EQ,Professional & Commercial Services,
CNL-EQ,Professional & Commercial Services,
COASTCORP-EQ,Food & Tobacco,
COCKERILL-EQ,NO DATA,
COFFEEDAY-EQ,Hotels & Entertainment Services,
COMFINTE-EQ,NO DATA,
COMPUSOFT-EQ,Software & IT Services,
COMSYN-EQ,Containers & Packaging,
CONFIPET-EQ,Oil & Gas,
CONSOFINVT-EQ,Banking Services,
CONTROLPR-EQ,"Machinery, Equipment & Components",
CORALFINAC-EQ,Construction & Engineering,
CORDSCABLE-EQ,"Machinery, Equipment & Components",
CORONA-EQ,Pharmaceuticals,
COSMOFIRST-EQ,Containers & Packaging,
COUNCODOS-EQ,Construction & Engineering,
CPEDU-EQ,Miscellaneous Educational Service Providers,
CRAMC-EQ,Investment Banking & Investment Services,
CREATIVEYE-EQ,Media & Publishing,
CREST-EQ,Investment Banking & Investment Services,
CRIZAC-EQ,Miscellaneous Educational Service Providers,
CROWN-EQ,Professional & Commercial Services,
CSBBANK-EQ,Banking Services,
CSLFINANCE-EQ,Banking Services,
CTE-EQ,Software & IT Services,
CUBEXTUB-EQ,Metals & Mining,
CUPID-EQ,Personal & Household Products & Services,
CYBERTECH-EQ,Software & IT Services,
CYIENTDLM-EQ,"Machinery, Equipment & Components",
DAICHI-EQ,Diversified Retail,
DALMIASUG-EQ,Food & Tobacco,
DAMCAPITAL-EQ,Investment Banking & Investment Services,
DAMODARIND-EQ,Textiles & Apparel,
DANGEE-EQ,Food & Tobacco,
DATAMATICS-EQ,Software & IT Services,
DAVANGERE-EQ,Food & Tobacco,
DBCORP-EQ,Media & Publishing,
DBEIL-EQ,Construction & Engineering,
DBL-EQ,Construction & Engineering,
DBSTOCKBRO-EQ,Investment Banking & Investment Services,
DCAL-EQ,Pharmaceuticals,
DCBBANK-EQ,Banking Services,
DCM-EQ,Metals & Mining,
DCMSRIND-EQ,Food & Tobacco,
DCW-EQ,Chemicals,
DCXINDIA-EQ,Aerospace & Defense,
DDEVPLSTIK-EQ,Chemicals,
DECCANCE-EQ,Construction Materials,
DECNGOLD-EQ,NO DATA,
DEEPINDS-EQ,Oil & Gas Related Equipment and Services,
DELPHIFX-EQ,Investment Banking & Investment Services,
DELTACORP-EQ,Hotels & Entertainment Services,
DELTAMAGNT-EQ,"Machinery, Equipment & Components",
DEN-EQ,Media & Publishing,
DENORA-EQ,"Machinery, Equipment & Components",
DENTA-EQ,Construction & Engineering,
DEVIT-EQ,Software & IT Services,
DEVX-EQ,Professional & Commercial Services,
DGCONTENT-EQ,Media & Publishing,
DHAMPURSUG-EQ,Food & Tobacco,
DHANBANK-EQ,Banking Services,
DHANUKA-EQ,Chemicals,
DHARMAJ-EQ,Chemicals,
DHUNINV-EQ,Chemicals,
DIACABS-EQ,"Machinery, Equipment & Components",
DIAMINESQ-EQ,Chemicals,
DIAMONDYD-EQ,Food & Tobacco,
DICIND-EQ,Chemicals,
DIFFNKG-EQ,"Machinery, Equipment & Components",
DIGIDRIVE-EQ,Software & IT Services,
DIGITIDE-EQ,Software & IT Services,
DIGJAMLMTD-EQ,Textiles & Apparel,
DISAQ-EQ,NO DATA,
DIVGIITTS-EQ,Automobiles & Auto Parts,
DJML-EQ,Professional & Commercial Services,
DLINKINDIA-EQ,Communications & Networking,
DMCC-EQ,Chemicals,
DNAMEDIA-EQ,Media & Publishing,
DODLA-EQ,Food & Tobacco,
DOLATALGO-EQ,Investment Banking & Investment Services,
DOLLAR-EQ,Textiles & Apparel,
DOLPHIN-EQ,Oil & Gas Related Equipment and Services,
DONEAR-EQ,Textiles & Apparel,
DPABHUSHAN-EQ,Specialty Retailers,
DPWIRES-EQ,Metals & Mining,
DRAGARWQ-EQ,NO DATA,
DRCSYSTEMS-EQ,Software & IT Services,
DREAMFOLKS-EQ,Transport Infrastructure,
DREDGECORP-EQ,Transport Infrastructure,
DSFCL-EQ,NO DATA,
DSSL-EQ,Software & IT Services,
DTIL-EQ,Food & Tobacco,
DVL-EQ,Chemicals,
DWARKESH-EQ,Food & Tobacco,
DYCL-EQ,"Machinery, Equipment & Components",
DYNAMATECH-EQ,Automobiles & Auto Parts,
DYNPRO-EQ,Chemicals,
E2E-EQ,Software & IT Services,
EASEMYTRIP-EQ,Hotels & Entertainment Services,
EBGNG-EQ,"Computers, Phones & Household Electronics",
ECOSMOBLTY-EQ,Passenger Transportation Services,
EDELWEISS-EQ,Investment Banking & Investment Services,
EFCIL-EQ,Real Estate Operations,
EIEL-EQ,Water Utilities,
EIFFL-EQ,Food & Tobacco,
EIHAHOTELS-EQ,Hotels & Entertainment Services,
EIMCOELECO-EQ,Metals & Mining,
EKC-EQ,"Machinery, Equipment & Components",
ELANTAS-EQ,Chemicals,
ELCIDIN-EQ,NO DATA,
ELDEHSG-EQ,Real Estate Operations,
ELECTCAST-EQ,Metals & Mining,
ELECTHERM-EQ,Metals & Mining,
ELGIRUBCO-EQ,Automobiles & Auto Parts,
ELIN-EQ,"Machinery, Equipment & Components",
ELITECON-EQ,Food & Tobacco,
ELLEN-EQ,Renewable Energy,
ELPROINTL-EQ,NO DATA,
EMAMIPAP-EQ,Paper & Forest Products,
EMBDL-EQ,Real Estate Operations,
EMIL-EQ,Specialty Retailers,
EMKAY-EQ,Investment Banking & Investment Services,
EMMBI-EQ,Containers & Packaging,
EMSLIMITED-EQ,Construction & Engineering,
EMUDHRA-EQ,Software & IT Services,
ENERGYDEV-EQ,Electrical Utilities & IPPs,
ENIL-EQ,Media & Publishing,
ENTERO-EQ,Healthcare Equipment & Supplies,
EPACK-EQ,Household Goods,
EPACKPEB-EQ,Construction & Engineering,
EPIGRAL-EQ,Chemicals,
EPL-EQ,Containers & Packaging,
EQUITASBNK-EQ,Banking Services,
ESABINDIA-EQ,"Machinery, Equipment & Components",
ESAFSFB-EQ,Banking Services,
ESSARSHPNG-EQ,Freight & Logistics Services,
ESTER-EQ,Chemicals,
ETHOSLTD-EQ,Specialty Retailers,
EUREKAFORB-EQ,Professional & Commercial Services,
EUROBOND-EQ,Metals & Mining,
EUROPRATIK-EQ,Specialty Retailers,
EUROTEXIND-EQ,Textiles & Apparel,
EVEREADY-EQ,"Machinery, Equipment & Components",
EVERESTIND-EQ,Homebuilding & Construction Supplies,
EXCELINDUS-EQ,Chemicals,
EXCELSOFT-EQ,Software & IT Services,
EXICOM-EQ,"Machinery, Equipment & Components",
EXPLEOSOL-EQ,Software & IT Services,
EXXARO-EQ,Homebuilding & Construction Supplies,
FABTECH-EQ,Pharmaceuticals,
FAIRCHEMOR-EQ,Chemicals,
FAZE3Q-EQ,Household Goods,
FCL-EQ,Chemicals,
FDC-EQ,Pharmaceuticals,
FEDDERSHOL-EQ,NO DATA,
FEDFINA-EQ,Banking Services,
FERMENTA-EQ,NO DATA,
FIBERWEB-EQ,Textiles & Apparel,
FIEMIND-EQ,Automobiles & Auto Parts,
FILATEX-EQ,Textiles & Apparel,
FINEORG-EQ,Chemicals,
FINKURVE-EQ,Banking Services,
FINOPB-EQ,Banking Services,
FINPIPE-EQ,Homebuilding & Construction Supplies,
FISCHER-EQ,Healthcare Equipment & Supplies,
FLAIR-EQ,Professional & Commercial Services,
FLEXITUFF-EQ,Containers & Packaging,
FMGOETZE-EQ,Automobiles & Auto Parts,
FOCUS-EQ,Homebuilding & Construction Supplies,
FOODSIN-EQ,Food & Tobacco,
FOSECOIND-EQ,Chemicals,
FRACTAL-EQ,Software & IT Services,
FRONTSP-EQ,NO DATA,
FUSION-EQ,Banking Services,
GAEL-EQ,Food & Tobacco,
GALAPREC-EQ,"Machinery, Equipment & Components",
GALAXYSURF-EQ,Chemicals,
GANDHAR-EQ,Oil & Gas,
GANDHITUBE-EQ,Metals & Mining,
GANECOS-EQ,Textiles & Apparel,
GANESHBE-EQ,Chemicals,
GANESHCP-EQ,Food & Tobacco,
GANESHHOU-EQ,Real Estate Operations,
GANGAFORGE-EQ,Metals & Mining,
GANGESSECU-EQ,Investment Banking & Investment Services,
GARFIBRES-EQ,Textiles & Apparel,
GARUDA-EQ,Construction & Engineering,
GATECH-EQ,Professional & Commercial Services,
GATECHDVR-EQ,Professional & Commercial Services,
GATEWAY-EQ,Freight & Logistics Services,
GAYAHWS-EQ,Construction & Engineering,
GCSL-EQ,Investment Banking & Investment Services,
GEECEE-EQ,Real Estate Operations,
GEEKAYWIRE-EQ,"Machinery, Equipment & Components",
GENCON-EQ,Construction & Engineering,
GENESYS-EQ,Software & IT Services,
GENUSPAPER-EQ,Paper & Forest Products,
GENUSPOWER-EQ,"Machinery, Equipment & Components",
GEOJITFSL-EQ,Investment Banking & Investment Services,
GFLLIMITED-EQ,Hotels & Entertainment Services,
GHCL-EQ,Chemicals,
GHCLTEXTIL-EQ,Textiles & Apparel,
GICHSGFIN-EQ,Banking Services,
GICL-EQ,Freight & Logistics Services,
GILLANDERS-EQ,Textiles & Apparel,
GINNIFILA-EQ,Textiles & Apparel,
GIPCL-EQ,Electrical Utilities & IPPs,
GKENERGY-EQ,Construction & Engineering,
GKSL-EQ,Healthcare Providers & Services,
GKWLIMITED-EQ,Real Estate Operations,
GLOBAL-EQ,NO DATA,
GLOBALVECT-EQ,Oil & Gas Related Equipment and Services,
GLOBE-EQ,Textiles & Apparel,
GLOBUSSPR-EQ,Beverages,
GLOSTERLTD-EQ,Textiles & Apparel,
GMBREW-EQ,Beverages,
GMMPFAUDLR-EQ,"Machinery, Equipment & Components",
GMRP&UI-EQ,Electrical Utilities & IPPs,
GNA-EQ,Automobiles & Auto Parts,
GNFC-EQ,Chemicals,
GNRL-EQ,Oil & Gas,
GOACARBON-EQ,Oil & Gas,
GOCLCORP-EQ,Chemicals,
GOCOLORS-EQ,Specialty Retailers,
GODAVARIB-EQ,Chemicals,
GODREJAGRO-EQ,Food & Tobacco,
GOKEX-EQ,Textiles & Apparel,
GOKUL-EQ,Food & Tobacco,
GOKULAGRO-EQ,Food & Tobacco,
GOLDIAM-EQ,Textiles & Apparel,
GOLDTECH-EQ,Software & IT Services,
GOODLUCK-EQ,Metals & Mining,
GOODYEAR-EQ,Automobiles & Auto Parts,
GOPAL-EQ,Food & Tobacco,
GOYALALUM-EQ,Metals & Mining,
GPPL-EQ,Transport Infrastructure,
GPTHEALTH-EQ,Healthcare Providers & Services,
GPTINFRA-EQ,Construction & Engineering,
GRADIENTE-EQ,Media & Publishing,
GRANDOAK-EQ,NO DATA,
GRAUWEIL-EQ,NO DATA,
GRAVISSHO-EQ,NO DATA,
GREAVESCOT-EQ,"Machinery, Equipment & Components",
GREENLAM-EQ,Paper & Forest Products,
GREENPANEL-EQ,Paper & Forest Products,
GREENPLY-EQ,Paper & Forest Products,
GREENPOWER-EQ,Electrical Utilities & IPPs,
GRINDWELL-EQ,"Machinery, Equipment & Components",
GRINFRA-EQ,Construction & Engineering,
GRMOVER-EQ,Food & Tobacco,
GROBTEA-EQ,Food & Tobacco,
GRPLTD-EQ,Automobiles & Auto Parts,
GRWRHITECH-EQ,Chemicals,
GSFC-EQ,Chemicals,
GSLSU-EQ,Homebuilding & Construction Supplies,
GSPCROP-EQ,Chemicals,
GTECJAINX-EQ,Software & IT Services,
GTL-EQ,Telecommunications Services,
GTLINFRA-EQ,Telecommunications Services,
GTPL-EQ,Media & Publishing,
GUFICBIO-EQ,Pharmaceuticals,
GUJALKALI-EQ,Chemicals,
GUJAPOLLO-EQ,Metals & Mining,
GUJGASLTD-EQ,Natural Gas Utilities,
GUJRAFFIA-EQ,Chemicals,
GUJTHEM-EQ,Pharmaceuticals,
GULFOILLUB-EQ,Oil & Gas,
GULFPETRO-EQ,Oil & Gas,
GULPOLY-EQ,Chemicals,
GVPIL-EQ,Construction & Engineering,
GVPTECH-EQ,Software & IT Services,
HALDER-EQ,Food & Tobacco,
HALDYNGL-EQ,NO DATA,
HALEOSLABS-EQ,Pharmaceuticals,
HAPPSTMNDS-EQ,Software & IT Services,
HAPPYFORGE-EQ,Automobiles & Auto Parts,
HARDWYN-EQ,Metals & Mining,
HARIOMPIPE-EQ,Metals & Mining,
HARRMALAYA-EQ,Food & Tobacco,
HARSHA-EQ,"Machinery, Equipment & Components",
HATHWAY-EQ,Media & Publishing,
HATSUN-EQ,Food & Tobacco,
HAVISHA-EQ,Hotels & Entertainment Services,
HAWKINCOOK-EQ,NO DATA,
HBESD-EQ,NO DATA,
HCC-EQ,Construction & Engineering,
HCG-EQ,Healthcare Providers & Services,
HCL-INSYS-EQ,NO DATA,
HEADSUP-EQ,Specialty Retailers,
HEALTHX-EQ,Software & IT Services,
HECPROJECT-EQ,Construction & Engineering,
HEIDELBERG-EQ,Construction Materials,
HEMIPROP-EQ,Real Estate Operations,
HERANBA-EQ,Chemicals,
HERITGFOOD-EQ,Food & Tobacco,
HESTERBIO-EQ,Pharmaceuticals,
HEXATRADEX-EQ,Diversified Industrial Goods Wholesale,
HGINFRA-EQ,Construction & Engineering,
HGM-EQ,Software & IT Services,
HGS-EQ,Software & IT Services,
HIKAL-EQ,Pharmaceuticals,
HIMATSEIDE-EQ,Textiles & Apparel,
HINDCOMPOS-EQ,Automobiles & Auto Parts,
HINDOILEXP-EQ,Oil & Gas,
HINDWAREAP-EQ,Homebuilding & Construction Supplies,
HIRECT-EQ,"Machinery, Equipment & Components",
HISARMETAL-EQ,Metals & Mining,
HITECH-EQ,Metals & Mining,
HITECHCORP-EQ,Containers & Packaging,
HLEGLAS-EQ,"Machinery, Equipment & Components",
HLVLTD-EQ,Hotels & Entertainment Services,
HMAAGRO-EQ,Food & Drug Retailing,
HMVL-EQ,Media & Publishing,
HNDFDS-EQ,Food & Tobacco,
HONDAPOWER-EQ,"Machinery, Equipment & Components",
HPAL-EQ,Chemicals,
HPIL-EQ,Chemicals,
HPL-EQ,"Machinery, Equipment & Components",
HTMEDIA-EQ,Media & Publishing,
HUBTOWN-EQ,Real Estate Operations,
HUHTAMAKI-EQ,Containers & Packaging,
HYBRIDFIN-EQ,Professional & Commercial Services,
ICDSLTD-EQ,Real Estate Operations,
ICEMAKE-EQ,"Machinery, Equipment & Components",
ICIL-EQ,Textiles & Apparel,
ICRA-EQ,Professional & Commercial Services,
IFBIND-EQ,Household Goods,
IFGLEXPOR-EQ,Construction Materials,
IGARASHI-EQ,Automobiles & Auto Parts,
IGCL-EQ,Chemicals,
IGPL-EQ,Chemicals,
IIFLCAPS-EQ,Investment Banking & Investment Services,
IITL-EQ,Investment Banking & Investment Services,
IKIO-EQ,"Machinery, Equipment & Components",
IMAGICAA-EQ,Hotels & Entertainment Services,
IMFA-EQ,Metals & Mining,
IMPAL-EQ,Automobiles & Auto Parts,
INA-EQ,Renewable Energy,
INCREDIBLE-EQ,Metals & Mining,
INDBANK-EQ,Investment Banking & Investment Services,
INDIAGLYCO-EQ,Chemicals,
INDIANCARD-EQ,"Machinery, Equipment & Components",
INDIANHUME-EQ,Construction & Engineering,
INDIASHLTR-EQ,Banking Services,
INDIGOPNTS-EQ,Chemicals,
INDIQUBE-EQ,Real Estate Operations,
INDNIPPON-EQ,Automobiles & Auto Parts,
INDOAMIN-EQ,Chemicals,
INDOBORAX-EQ,Chemicals,
INDOCO-EQ,Pharmaceuticals,
INDOFARM-EQ,"Machinery, Equipment & Components",
INDORAMA-EQ,Textiles & Apparel,
INDOSTAR-EQ,Banking Services,
INDOTHAI-EQ,Investment Banking & Investment Services,
INDOUS-EQ,Biotechnology & Medical Research,
INDPRUD-EQ,NO DATA,
INDRAMEDCO-EQ,Healthcare Providers & Services,
INDSWFTLAB-EQ,Pharmaceuticals,
INDTERRAIN-EQ,Textiles & Apparel,
INFOBEAN-EQ,Software & IT Services,
INFOMEDIA-EQ,Holding Companies,
INGERRAND-EQ,"Machinery, Equipment & Components",
INNOVACAP-EQ,Pharmaceuticals,
INNOVANA-EQ,Software & IT Services,
INNOVISION-EQ,Professional & Commercial Services,
INOXGREEN-EQ,Construction & Engineering,
INOXINDIA-EQ,"Machinery, Equipment & Components",
INSECTICID-EQ,Chemicals,
INTENTECH-EQ,Software & IT Services,
INTERARCH-EQ,Construction & Engineering,
INTLCONV-EQ,"Machinery, Equipment & Components",
INVENTURE-EQ,Investment Banking & Investment Services,
INVPRECQ-EQ,NO DATA,
IOLCP-EQ,Pharmaceuticals,
IONEXCHANG-EQ,Professional & Commercial Services,
IPL-EQ,Chemicals,
IRIS-EQ,Software & IT Services,
IRISDOREME-EQ,Textiles & Apparel,
IRMENERGY-EQ,Natural Gas Utilities,
ISFT-EQ,Software & IT Services,
ISGEC-EQ,"Machinery, Equipment & Components",
ISHANCH-EQ,Chemicals,
ITDC-EQ,Hotels & Entertainment Services,
IVALUE-EQ,Software & IT Services,
IVC-EQ,Investment Banking & Investment Services,
IVP-EQ,Chemicals,
IWP-EQ,NO DATA,
IXIGO-EQ,Hotels & Entertainment Services,
IZMO-EQ,Software & IT Services,
JAGRAN-EQ,Media & Publishing,
JAGSNPHARM-EQ,Pharmaceuticals,
JAICORPLTD-EQ,Containers & Packaging,
JAIPURKURT-EQ,Textiles & Apparel,
JAMNAAUTO-EQ,Automobiles & Auto Parts,
JARO-EQ,"School, College & University",
JASH-EQ,"Machinery, Equipment & Components",
JAYAGROGN-EQ,Food & Tobacco,
JAYBARMARU-EQ,Automobiles & Auto Parts,
JAYKAY-EQ,"Machinery, Equipment & Components",
JAYNECOIND-EQ,Metals & Mining,
JAYSREETEA-EQ,Food & Tobacco,
JETFREIGHT-EQ,Freight & Logistics Services,
JGCHEM-EQ,Chemicals,
JHS-EQ,Personal & Household Products & Services,
JINDALPHOT-EQ,Investment Banking & Investment Services,
JINDALPOLY-EQ,Containers & Packaging,
JINDRILL-EQ,Oil & Gas Related Equipment and Services,
JINDWORLD-EQ,Textiles & Apparel,
JISLDVREQS-EQ,"Machinery, Equipment & Components",
JISLJALEQS-EQ,"Machinery, Equipment & Components",
JKIL-EQ,Construction & Engineering,
JKLAKSHMI-EQ,Construction Materials,
JKPAPER-EQ,Paper & Forest Products,
JLHL-EQ,Healthcare Providers & Services,
JMA-EQ,Automobiles & Auto Parts,
JNKINDIA-EQ,"Machinery, Equipment & Components",
JOCIL-EQ,Chemicals,
JPOLYINVST-EQ,Investment Banking & Investment Services,
JSFB-EQ,Banking Services,
JSLL-EQ,Pharmaceuticals,
JSWHL-EQ,Investment Banking & Investment Services,
JTEKTINDIA-EQ,Automobiles & Auto Parts,
JTLIND-EQ,Metals & Mining,
JUBLCPL-EQ,Chemicals,
JUNIPER-EQ,Hotels & Entertainment Services,
JUSTDIAL-EQ,Software & IT Services,
JYOTHYLAB-EQ,Personal & Household Products & Services,
JYOTISTRUC-EQ,Construction & Engineering,
KABRAEXTRU-EQ,"Machinery, Equipment & Components",
KALAMANDIR-EQ,Specialty Retailers,
KALPATARU-EQ,Homebuilding & Construction Supplies,
KALYANIFRG-EQ,Metals & Mining,
KAMAHOLD-EQ,NO DATA,
KAMATHOTEL-EQ,Hotels & Entertainment Services,
KAMDHENU-EQ,Metals & Mining,
KAMOPAINTS-EQ,Chemicals,
KANANIIND-EQ,Textiles & Apparel,
KANPRPLA-EQ,Containers & Packaging,
KANSAINER-EQ,Chemicals,
KAPSTON-EQ,Professional & Commercial Services,
KARMAENG-EQ,Electrical Utilities & IPPs,
KAUSHALYA-EQ,Construction & Engineering,
KAVDEFENCE-EQ,Communications & Networking,
KAYA-EQ,Personal & Household Products & Services,
KCP-EQ,Construction Materials,
KCPSUGIND-EQ,Food & Tobacco,
KDDL-EQ,Textiles & Apparel,
KEEPLEARN-EQ,Software & IT Services,
KELLTONTEC-EQ,Software & IT Services,
KENNAMET-EQ,NO DATA,
KERNEX-EQ,Electronic Equipment & Parts,
KEYFINSERV-EQ,Investment Banking & Investment Services,
KHADIM-EQ,Specialty Retailers,
KHANDSE-EQ,Investment Banking & Investment Services,
KICL-EQ,Investment Banking & Investment Services,
KILITCH-EQ,Pharmaceuticals,
KINGFA-EQ,Chemicals,
KIOCL-EQ,Metals & Mining,
KIRANVYPAR-EQ,NO DATA,
KIRIINDUS-EQ,Chemicals,
KIRLFER-EQ,NO DATA,
KIRLOSBROS-EQ,"Machinery, Equipment & Components",
KIRLOSIND-EQ,Metals & Mining,
KIRLPNU-EQ,"Machinery, Equipment & Components",
KISSHT-EQ,NO DATA,
KITEX-EQ,Textiles & Apparel,
KKCL-EQ,Textiles & Apparel,
KLBRENG-B-EQ,NO DATA,
KMEW-EQ,"Machinery, Equipment & Components",
KMSUGAR-EQ,Food & Tobacco,
KNAGRI-EQ,Food & Tobacco,
KNRCON-EQ,Construction & Engineering,
KOHINOOR-EQ,Food & Tobacco,
KOKUYOCMLN-EQ,Professional & Commercial Services,
KOLTEPATIL-EQ,Real Estate Operations,
KOPRAN-EQ,Pharmaceuticals,
KOTARISUG-EQ,Food & Tobacco,
KOTHARIPET-EQ,Chemicals,
KOTHARIPRO-EQ,Diversified Industrial Goods Wholesale,
KOTIC-EQ,NO DATA,
KOTYARK-EQ,Oil & Gas,
KOVAI-EQ,NO DATA,
KPEL-EQ,Construction & Engineering,
KPIGREEN-EQ,Electrical Utilities & IPPs,
KPL-EQ,Media & Publishing,
KRBL-EQ,Food & Tobacco,
KREBSBIO-EQ,Pharmaceuticals,
KRIDHANINF-EQ,Metals & Mining,
KRISHANA-EQ,Chemicals,
KRISHIVAL-EQ,Food & Tobacco,
KRISHNADEF-EQ,Metals & Mining,
KRITIKA-EQ,Metals & Mining,
KRONOX-EQ,Chemicals,
KROSS-EQ,Automobiles & Auto Parts,
KRSNAA-EQ,Healthcare Providers & Services,
KRYSTAL-EQ,Professional & Commercial Services,
KSB-EQ,"Machinery, Equipment & Components",
KSCL-EQ,Food & Tobacco,
KSHINTL-EQ,"Machinery, Equipment & Components",
KSL-EQ,Metals & Mining,
KSOLVES-EQ,Software & IT Services,
KTKBANK-EQ,Banking Services,
KUANTUM-EQ,Paper & Forest Products,
KWIL-EQ,Food & Tobacco,
LAGNAM-EQ,Textiles & Apparel,
LAHOTIOV-EQ,NO DATA,
LAL-EQ,Textiles & Apparel,
LAMBODHARA-EQ,Textiles & Apparel,
LANCORHOL-EQ,Real Estate Operations,
LANDMARK-EQ,Specialty Retailers,
LANDSMILL-EQ,Construction & Engineering,
LAOPALA-EQ,Household Goods,
LASA-EQ,Pharmaceuticals,
LAXMICOT-EQ,Textiles & Apparel,
LAXMIDENTL-EQ,Healthcare Equipment & Supplies,
LEMERITE-EQ,Textiles & Apparel,
LEXUS-EQ,Homebuilding & Construction Supplies,
LFIC-EQ,Banking Services,
LGBBROSLTD-EQ,"Machinery, Equipment & Components",
LGHL-EQ,Textiles & Apparel,
LIBAS-EQ,Specialty Retailers,
LIBERTSHOE-EQ,Textiles & Apparel,
LINC-EQ,Professional & Commercial Services,
LINCOLN-EQ,Pharmaceuticals,
LLOYDSENGG-EQ,"Machinery, Equipment & Components",
LLOYDSENT-EQ,Metals & Mining,
LMW-EQ,"Machinery, Equipment & Components",
LORDSCHLO-EQ,Chemicals,
LOTUSDEV-EQ,Real Estate Operations,
LOTUSEYE-EQ,Healthcare Providers & Services,
LOVABLE-EQ,Textiles & Apparel,
LPDC-EQ,Construction & Engineering,
LUMAXIND-EQ,Automobiles & Auto Parts,
LUMAXTECH-EQ,Automobiles & Auto Parts,
LUXIND-EQ,Textiles & Apparel,
LXCHEM-EQ,Chemicals,
LYKALABS-EQ,Pharmaceuticals,
LYPSAGEMS-EQ,Textiles & Apparel,
MAANALU-EQ,Metals & Mining,
MACPOWER-EQ,"Machinery, Equipment & Components",
MADHAV-EQ,Homebuilding & Construction Supplies,
MADHAVIPL-EQ,NO DATA,
MADHUCON-EQ,Construction & Engineering,
MADRASFERT-EQ,Chemicals,
MAFATIND-EQ,NO DATA,
MAGADSUGAR-EQ,Food & Tobacco,
MAGNUM-EQ,Paper & Forest Products,
MAHAPEXLTD-EQ,Banking Services,
MAHEPC-EQ,"Machinery, Equipment & Components",
MAHESHWARI-EQ,Paper & Forest Products,
MAHLIFE-EQ,Real Estate Operations,
MAHLOG-EQ,Freight & Logistics Services,
MAHSCOOTER-EQ,Holding Companies,
MAHSEAMLES-EQ,Metals & Mining,
MAITHANALL-EQ,Metals & Mining,
MAJESAUT-EQ,NO DATA,
MALLCOM-EQ,Professional & Commercial Services,
MALUPAPER-EQ,Paper & Forest Products,
MAMATA-EQ,"Machinery, Equipment & Components",
MANAKALUCO-EQ,Metals & Mining,
MANAKCOAT-EQ,Metals & Mining,
MANAKSIA-EQ,Metals & Mining,
MANALIPETC-EQ,Chemicals,
MANBA-EQ,Banking Services,
MANCREDIT-EQ,Banking Services,
MANGLMCEM-EQ,Construction Materials,
MANINDS-EQ,Metals & Mining,
MANINFRA-EQ,Construction & Engineering,
MANOMAY-EQ,Textiles & Apparel,
MANORAMA-EQ,Food & Tobacco,
MANUGRAPH-EQ,"Machinery, Equipment & Components",
MANYAVAR-EQ,Specialty Retailers,
MARATHON-EQ,Real Estate Operations,
MARINE-EQ,"Machinery, Equipment & Components",
MARKOLINES-EQ,Transport Infrastructure,
MARKSANS-EQ,Pharmaceuticals,
MARSONS-EQ,"Machinery, Equipment & Components",
MASFIN-EQ,Banking Services,
MASTEK-EQ,Software & IT Services,
MASTERTR-EQ,Investment Banking & Investment Services,
MATRIMONY-EQ,Software & IT Services,
MAXESTATES-EQ,Real Estate Operations,
MAXIND-EQ,Healthcare Providers & Services,
MAYURUNIQ-EQ,Textiles & Apparel,
MAZDA-EQ,"Machinery, Equipment & Components",
MBAPL-EQ,Chemicals,
MBEL-EQ,Construction & Engineering,
MBLINFRA-EQ,Construction & Engineering,
MCCHRLS-B-EQ,NO DATA,
MCLOUD-EQ,Software & IT Services,
MEDIASSIST-EQ,Healthcare Providers & Services,
MEDICAMEQ-EQ,Pharmaceuticals,
MEDICO-EQ,Pharmaceuticals,
MEDPLUS-EQ,Food & Drug Retailing,
MEGASTAR-EQ,Food & Tobacco,
MENNPIS-EQ,NO DATA,
MENONBE-EQ,Automobiles & Auto Parts,
MERCANTILE-EQ,Transport Infrastructure,
METROBRAND-EQ,Specialty Retailers,
METROGLOBL-EQ,NO DATA,
METROPOLIS-EQ,Healthcare Providers & Services,
MFML-EQ,Textiles & Apparel,
MGEL-EQ,Food & Tobacco,
MHLXMIRU-EQ,Textiles & Apparel,
MHRIL-EQ,Hotels & Entertainment Services,
MICEL-EQ,Semiconductors & Semiconductor Equipment,
MIDHANI-EQ,Metals & Mining,
MIDWESTLTD-EQ,Construction Materials,
MINDTECK-EQ,Software & IT Services,
MIRZAINT-EQ,Textiles & Apparel,
MITCON-EQ,Construction & Engineering,
MITTAL-EQ,Textiles & Apparel,
MKPL-EQ,Food & Tobacco,
MMFL-EQ,Metals & Mining,
MMP-EQ,Metals & Mining,
MOBIKWIK-EQ,Professional & Commercial Services,
MODIRUBBER-EQ,Hotels & Entertainment Services,
MODIS-EQ,Homebuilding & Construction Supplies,
MODISONLTD-EQ,Metals & Mining,
MODTHREAD-EQ,Textiles & Apparel,
MOHITIND-EQ,Textiles & Apparel,
MOIL-EQ,Metals & Mining,
MOKSH-EQ,Textiles & Apparel,
MOL-EQ,Chemicals,
MOLDTECH-EQ,Construction & Engineering,
MOLDTKPAC-EQ,Containers & Packaging,
MONARCH-EQ,Investment Banking & Investment Services,
MONEYBOXX-EQ,Banking Services,
MONTECARLO-EQ,Textiles & Apparel,
MOREPENLAB-EQ,Pharmaceuticals,
MOSCHIP-EQ,Semiconductors & Semiconductor Equipment,
MOTISONS-EQ,Specialty Retailers,
MOTOGENFIN-EQ,Real Estate Operations,
MPSLTD-EQ,Media & Publishing,
MSPL-EQ,Metals & Mining,
MSTCLTD-EQ,Software & IT Services,
MTARTECH-EQ,"Machinery, Equipment & Components",
MTNL-EQ,Telecommunications Services,
MUFIN-EQ,Banking Services,
MUFTI-EQ,Specialty Retailers,
MUKANDLTD-EQ,Metals & Mining,
MUKKA-EQ,Food & Tobacco,
MUKTAARTS-EQ,Media & Publishing,
MUNJALAU-EQ,Automobiles & Auto Parts,
MUNJALSHOW-EQ,Automobiles & Auto Parts,
MURUDCERA-EQ,Homebuilding & Construction Supplies,
MUTHOOTCAP-EQ,Banking Services,
MUTHOOTMF-EQ,Banking Services,
MVGJL-EQ,Specialty Retailers,
MWL-EQ,Metals & Mining,
NACLIND-EQ,Chemicals,
NAGREEKEXP-EQ,Textiles & Apparel,
NAHARCAP-EQ,Banking Services,
NAHARINDUS-EQ,Textiles & Apparel,
NAHARPOLY-EQ,Containers & Packaging,
NARMADA-EQ,Food & Tobacco,
NATCAPSUQ-EQ,Pharmaceuticals,
NATHBIOGEN-EQ,Food & Tobacco,
NATIONSTD-EQ,NO DATA,
NAVKARCORP-EQ,Freight & Logistics Services,
NAVKARURB-EQ,Construction & Engineering,
NAVNETEDUL-EQ,Media & Publishing,
NAZARA-EQ,Software & IT Services,
NBIFIN-EQ,Investment Banking & Investment Services,
NCLIND-EQ,Construction Materials,
NDGL-EQ,Investment Banking & Investment Services,
NDL-EQ,Textiles & Apparel,
NDLVENTURE-EQ,Real Estate Operations,
NDRAUTO-EQ,Automobiles & Auto Parts,
NDTV-EQ,Media & Publishing,
NEAGI-EQ,NO DATA,
NECCLTD-EQ,Freight & Logistics Services,
NELCAST-EQ,Metals & Mining,
NELCO-EQ,Communications & Networking,
NEOGEN-EQ,Chemicals,
NEPHROPLUS-EQ,Healthcare Providers & Services,
NESCO-EQ,Real Estate Operations,
NETWORK18-EQ,Media & Publishing,
NEXTMEDIA-EQ,Media & Publishing,
NFL-EQ,Chemicals,
NGLFINE-EQ,Pharmaceuticals,
NIBE-EQ,Aerospace & Defense,
NIBL-EQ,"Machinery, Equipment & Components",
NIITLTD-EQ,Professional & Commercial Services,
NIITMTS-EQ,Professional & Business Education,
NILAINFRA-EQ,Real Estate Operations,
NILASPACES-EQ,Real Estate Operations,
NILE-EQ,Metals & Mining,
NILKAMAL-EQ,Chemicals,
NIPPOBATRY-EQ,"Machinery, Equipment & Components",
NIRAJISPAT-EQ,Textiles & Apparel,
NIRLON-EQ,Real Estate Operations,
NITCO-EQ,Homebuilding & Construction Supplies,
NITINSPIN-EQ,Textiles & Apparel,
NITIRAJ-EQ,"Machinery, Equipment & Components",
NITTAGELA-EQ,NO DATA,
NKIND-EQ,Food & Tobacco,
NOCIL-EQ,Chemicals,
NORBTEAEXP-EQ,Food & Tobacco,
NORTHARC-EQ,Banking Services,
NOVAAGRI-EQ,Chemicals,
NOVARTIND-EQ,NO DATA,
NPST-EQ,Financial Technology (Fintech) & Infrastructure,
NRAIL-EQ,Paper & Forest Products,
NRBBEARING-EQ,"Machinery, Equipment & Components",
NRL-EQ,Professional & Commercial Services,
NSIL-EQ,Banking Services,
NUCLEUS-EQ,Software & IT Services,
NURECA-EQ,Healthcare Equipment & Supplies,
OAL-EQ,Chemicals,
OBCL-EQ,Freight & Logistics Services,
OCCLLTD-EQ,Chemicals,
ODIGMA-EQ,Media & Publishing,
OMAXE-EQ,Real Estate Operations,
OMFREIGHT-EQ,Freight & Logistics Services,
OMINFRAL-EQ,Construction & Engineering,
OMNI-EQ,Professional & Commercial Services,
OMPOWER-EQ,Electrical Utilities & IPPs,
ONEPOINT-EQ,Professional & Commercial Services,
ONMOBILE-EQ,Software & IT Services,
ONWARDTEC-EQ,Software & IT Services,
OPTIEMUS-EQ,"Computers, Phones & Household Electronics",
ORBTEXP-EQ,Textiles & Apparel,
ORCHASP-EQ,Software & IT Services,
ORCHPHARMA-EQ,Pharmaceuticals,
ORICONENT-EQ,Containers & Packaging,
ORIENTALTL-EQ,Construction Materials,
ORIENTBELL-EQ,Homebuilding & Construction Supplies,
ORIENTCEM-EQ,Construction Materials,
ORIENTCER-EQ,Construction Materials,
ORIENTELEC-EQ,Household Goods,
ORIENTHOT-EQ,Hotels & Entertainment Services,
ORIENTLTD-EQ,Containers & Packaging,
ORIENTPPR-EQ,Paper & Forest Products,
ORIENTTECH-EQ,Software & IT Services,
ORISSAMINE-EQ,Metals & Mining,
ORKLAINDIA-EQ,Food & Tobacco,
ORTINGLOBE-EQ,Pharmaceuticals,
OSWALGREEN-EQ,Real Estate Operations,
OSWALPUMPS-EQ,"Machinery, Equipment & Components",
OSWALSEEDS-EQ,Food & Tobacco,
PACEDIGITK-EQ,Construction & Engineering,
PAISALO-EQ,Banking Services,
PAKKA-EQ,Paper & Forest Products,
PALASHSECU-EQ,Investment Banking & Investment Services,
PANACEABIO-EQ,Pharmaceuticals,
PANACHE-EQ,"Computers, Phones & Household Electronics",
PANAMAPET-EQ,Chemicals,
PANSARI-EQ,Real Estate Operations,
PAR-EQ,Pharmaceuticals,
PARACABLES-EQ,"Machinery, Equipment & Components",
PARAGMILK-EQ,Food & Tobacco,
PARAS-EQ,Aerospace & Defense,
PARASPETRO-EQ,Holding Companies,
PARKHOSPS-EQ,Healthcare Providers & Services,
PARKHOTELS-EQ,Hotels & Entertainment Services,
PASHUPATI-EQ,Textiles & Apparel,
PASUPTAC-EQ,Textiles & Apparel,
PATELENG-EQ,Construction & Engineering,
PATELRMART-EQ,Food & Drug Retailing,
PATINTLOG-EQ,Freight & Logistics Services,
PAUSHAKLTD-EQ,Chemicals,
PCJEWELLER-EQ,Textiles & Apparel,
PDMJEPAPER-EQ,Paper & Forest Products,
PDSL-EQ,Textiles & Apparel,
PENIND-EQ,Construction & Engineering,
PFS-EQ,Banking Services,
PGHH-EQ,Personal & Household Products & Services,
PGHL-EQ,Pharmaceuticals,
PGIL-EQ,Textiles & Apparel,
PICCADIL-EQ,Beverages,
PIGL-EQ,Construction & Engineering,
PILANIINVS-EQ,Holding Companies,
PIONEEREMB-EQ,Textiles & Apparel,
PIONRINV-EQ,NO DATA,
PITTIENG-EQ,"Machinery, Equipment & Components",
PIXTRANS-EQ,Automobiles & Auto Parts,
PKTEA-EQ,Food & Tobacco,
PLASTIBLEN-EQ,Chemicals,
PLATIND-EQ,Chemicals,
PML-EQ,"Machinery, Equipment & Components",
PNBGILTS-EQ,Investment Banking & Investment Services,
PNC-EQ,Media & Publishing,
PNCINFRA-EQ,Construction & Engineering,
PNGJL-EQ,Specialty Retailers,
PNGSREVA-EQ,Textiles & Apparel,
POCL-EQ,Metals & Mining,
PODDARMENT-EQ,Chemicals,
POKARNA-EQ,Construction Materials,
POLYPLEX-EQ,Chemicals,
PONNIERODE-EQ,Food & Tobacco,
POWERICA-EQ,Electrical Utilities & IPPs,
POWERMECH-EQ,Construction & Engineering,
PPAP-EQ,Automobiles & Auto Parts,
PPL-EQ,Homebuilding & Construction Supplies,
PRABHA-EQ,Oil & Gas,
PRADPME-EQ,NO DATA,
PRAENG-EQ,Real Estate Operations,
PRAJIND-EQ,Construction & Engineering,
PRAKASH-EQ,Metals & Mining,
PRAKASHSTL-EQ,Metals & Mining,
PRAVEG-EQ,Hotels & Entertainment Services,
PRECAM-EQ,Automobiles & Auto Parts,
PRECOT-EQ,Textiles & Apparel,
PRECWIRE-EQ,"Machinery, Equipment & Components",
PREMCO-EQ,Textiles & Apparel,
PREMEXPLN-EQ,Chemicals,
PRICOLLTD-EQ,Automobiles & Auto Parts,
PRIMESECU-EQ,Investment Banking & Investment Services,
PRIMO-EQ,Chemicals,
PRINCEPIPE-EQ,Homebuilding & Construction Supplies,
PRITI-EQ,Software & IT Services,
PRITIKAUTO-EQ,Automobiles & Auto Parts,
PRIVISCL-EQ,Chemicals,
PROSTARM-EQ,Electrical Utilities & IPPs,
PROTEAN-EQ,Software & IT Services,
PROZONER-EQ,Real Estate Operations,
PRSMJOHNSN-EQ,Construction Materials,
PRUDENT-EQ,Investment Banking & Investment Services,
PRUDMOULI-EQ,Food & Tobacco,
PSB-EQ,Banking Services,
PSPPROJECT-EQ,Construction & Engineering,
PTC-EQ,Electrical Utilities & IPPs,
PTL-EQ,Real Estate Operations,
PUNJABCHEM-EQ,Chemicals,
PURVA-EQ,Real Estate Operations,
PVP-EQ,Real Estate Operations,
PVSL-EQ,Passenger Transportation Services,
PYRAMID-EQ,Containers & Packaging,
QUADFUTURE-EQ,"Machinery, Equipment & Components",
QUESS-EQ,Professional & Commercial Services,
QUICKHEAL-EQ,Software & IT Services,
QUINT-EQ,NO DATA,
RACLGEAR-EQ,Automobiles & Auto Parts,
RADAAN-EQ,Media & Publishing,
RADHIKAJWE-EQ,Specialty Retailers,
RADIANTCMS-EQ,Professional & Commercial Services,
RADIOCITY-EQ,Media & Publishing,
RAIN-EQ,Chemicals,
RAJMET-EQ,Metals & Mining,
RAJOOENG-EQ,"Machinery, Equipment & Components",
RAJPALAYAM-EQ,NO DATA,
RAJRATAN-EQ,Metals & Mining,
RAJSREESUG-EQ,Food & Tobacco,
RAJTV-EQ,Media & Publishing,
RALLIS-EQ,Chemicals,
RAMANEWS-EQ,Beverages,
RAMAPHO-EQ,Chemicals,
RAMASTEEL-EQ,Metals & Mining,
RAMCOIND-EQ,Construction Materials,
RAMCOSYS-EQ,Software & IT Services,
RAMKY-EQ,Construction & Engineering,
RAMRAT-EQ,"Machinery, Equipment & Components",
RANASUG-EQ,Food & Tobacco,
RANEHOLDIN-EQ,Automobiles & Auto Parts,
RATEGAIN-EQ,Software & IT Services,
RATNAMANI-EQ,Metals & Mining,
RATNAVEER-EQ,Metals & Mining,
RAYMOND-EQ,Textiles & Apparel,
RAYMONDLSL-EQ,Specialty Retailers,
RAYMONDREL-EQ,Real Estate Operations,
RBA-EQ,Hotels & Entertainment Services,
RBZJEWEL-EQ,Specialty Retailers,
RCF-EQ,Chemicals,
REDTAPE-EQ,Specialty Retailers,
REFEX-EQ,Coal,
REGENCERAM-EQ,Homebuilding & Construction Supplies,
RELAXO-EQ,Textiles & Apparel,
RELCHEMQ-EQ,Textiles & Apparel,
RELIABLE-EQ,Professional & Commercial Services,
RELIGARE-EQ,Insurance,
RELTD-EQ,Renewable Energy,
REMSONSIND-EQ,Automobiles & Auto Parts,
RENUKA-EQ,Food & Tobacco,
REPCOHOME-EQ,Banking Services,
REPL-EQ,Professional & Commercial Services,
REPRO-EQ,Professional & Commercial Services,
RESPONIND-EQ,Homebuilding & Construction Supplies,
RETAIL-EQ,Food & Drug Retailing,
RGL-EQ,Textiles & Apparel,
RHETAN-EQ,Metals & Mining,
RHL-EQ,Hotels & Entertainment Services,
RICOAUTO-EQ,Automobiles & Auto Parts,
RIIL-EQ,Construction & Engineering,
RISHABH-EQ,"Machinery, Equipment & Components",
RITCO-EQ,Freight & Logistics Services,
RKDL-EQ,Beverages,
RKEC-EQ,Construction & Engineering,
RKSWAMY-EQ,Media & Publishing,
RMDRIP-EQ,"Machinery, Equipment & Components",
RML-EQ,Automobiles & Auto Parts,
RNBDENIMS-EQ,Textiles & Apparel,
ROHLTD-EQ,Hotels & Entertainment Services,
ROLEXRINGS-EQ,"Machinery, Equipment & Components",
ROML-EQ,Food & Tobacco,
ROSSARI-EQ,Chemicals,
ROSSELLIND-EQ,Aerospace & Defense,
ROSSTECH-EQ,Aerospace & Defense,
ROTO-EQ,"Machinery, Equipment & Components",
ROUTE-EQ,Software & IT Services,
RPEL-EQ,Construction Materials,
RPGLIFE-EQ,Pharmaceuticals,
RPPINFRA-EQ,Construction & Engineering,
RPPL-EQ,Containers & Packaging,
RPSGVENT-EQ,Software & IT Services,
RPTECH-EQ,"Computers, Phones & Household Electronics",
RRIL-EQ,Textiles & Apparel,
RSDFIN-EQ,NO DATA,
RSL-EQ,Metals & Mining,
RSWM-EQ,Textiles & Apparel,
RSYSTEMS-EQ,Software & IT Services,
RTNINDIA-EQ,Software & IT Services,
RTNPOWER-EQ,Electrical Utilities & IPPs,
RUBFILA-EQ,Automobiles & Auto Parts,
RUBICON-EQ,Biotechnology & Medical Research,
RUBYMILLS-EQ,Textiles & Apparel,
RUCHINFRA-EQ,Freight & Logistics Services,
RUCHIRA-EQ,Paper & Forest Products,
RUPA-EQ,Textiles & Apparel,
RUSHIL-EQ,Paper & Forest Products,
RUSTOMJEE-EQ,Real Estate Operations,
RVHL-EQ,Real Estate Operations,
RVTH-EQ,"Machinery, Equipment & Components",
SAATVIKGL-EQ,Renewable Energy,
SADBHIN-EQ,Construction & Engineering,
SAFARI-EQ,Textiles & Apparel,
SAGARDEEP-EQ,Metals & Mining,
SAGCEM-EQ,Construction Materials,
SAHLIBHFI-EQ,Banking Services,
SAHYADRI-EQ,Construction Materials,
SAIPARENT-EQ,Pharmaceuticals,
SAKAR-EQ,Pharmaceuticals,
SAKHTISUG-EQ,Food & Tobacco,
SAKSOFT-EQ,Software & IT Services,
SALASAR-EQ,Metals & Mining,
SALONA-EQ,Textiles & Apparel,
SALZERELEC-EQ,"Machinery, Equipment & Components",
SAMBHAAV-EQ,Media & Publishing,
SAMBHV-EQ,Metals & Mining,
SAMHI-EQ,Hotels & Entertainment Services,
SAMPANN-EQ,Automobiles & Auto Parts,
SANATHAN-EQ,Textiles & Apparel,
SANDESH-EQ,Media & Publishing,
SANDHAR-EQ,Automobiles & Auto Parts,
SANDUMA-EQ,Metals & Mining,
SANGAMIND-EQ,Textiles & Apparel,
SANGHVIMOV-EQ,Professional & Commercial Services,
SANOFI-EQ,Pharmaceuticals,
SANOFICONR-EQ,Pharmaceuticals,
SANSERA-EQ,Automobiles & Auto Parts,
SANSTAR-EQ,Food & Tobacco,
SAPPL-EQ,NO DATA,
SARLAPOLY-EQ,Textiles & Apparel,
SASKEN-EQ,Software & IT Services,
SATIA-EQ,Paper & Forest Products,
SATIN-EQ,Banking Services,
SAURASHCEM-EQ,Construction Materials,
SAYAJIHOTL-EQ,NO DATA,
SBC-EQ,Textiles & Apparel,
SBCL-EQ,"Machinery, Equipment & Components",
SBGLP-EQ,Real Estate Operations,
SCANSTL-EQ,NO DATA,
SCHAND-EQ,Media & Publishing,
SCILAL-EQ,Real Estate Operations,
SCODATUBES-EQ,Metals & Mining,
SDBL-EQ,Beverages,
SEAMECLTD-EQ,Oil & Gas Related Equipment and Services,
SECMARK-EQ,Software & IT Services,
SECURKLOUD-EQ,Software & IT Services,
SEDEMAC-EQ,Automobiles & Auto Parts,
SEIL-EQ,Miscellaneous Educational Service Providers,
SELMC-EQ,Textiles & Apparel,
SENCO-EQ,Textiles & Apparel,
SENORES-EQ,Pharmaceuticals,
SEPC-EQ,Construction & Engineering,
SERVOTECH-EQ,"Machinery, Equipment & Components",
SESHAPAPER-EQ,Paper & Forest Products,
SETL-EQ,"Machinery, Equipment & Components",
SFL-EQ,Household Goods,
SGFIN-EQ,Banking Services,
SGIL-EQ,Metals & Mining,
SGL-EQ,Textiles & Apparel,
SGMART-EQ,Homebuilding & Construction Supplies,
SHADOWFAX-EQ,Freight & Logistics Services,
SHAH-EQ,Metals & Mining,
SHAHALLOYS-EQ,Metals & Mining,
SHAILY-EQ,Chemicals,
SHAKTIPUMP-EQ,"Machinery, Equipment & Components",
SHALBY-EQ,Healthcare Providers & Services,
SHALPAINTS-EQ,Chemicals,
SHANTI-EQ,Food & Tobacco,
SHANTIGEAR-EQ,"Machinery, Equipment & Components",
SHANTIGOLD-EQ,Textiles & Apparel,
SHARDACROP-EQ,Chemicals,
SHARDAMOTR-EQ,Automobiles & Auto Parts,
SHARDUL-EQ,Investment Banking & Investment Services,
SHAREINDIA-EQ,Investment Banking & Investment Services,
SHBAJRG-EQ,NO DATA,
SHEMAROO-EQ,Media & Publishing,
SHILCTECH-EQ,"Machinery, Equipment & Components",
SHILPAMED-EQ,Pharmaceuticals,
SHINDL-EQ,NO DATA,
SHIVALIK-EQ,Chemicals,
SHIVATEX-EQ,Textiles & Apparel,
SHIVAUM-EQ,Metals & Mining,
SHK-EQ,Chemicals,
SHOPERSTOP-EQ,Diversified Retail,
SHRADHA-EQ,Construction & Engineering,
SHREDIGCEM-EQ,Construction Materials,
SHREEJISPG-EQ,Freight & Logistics Services,
SHREEPUSHK-EQ,Chemicals,
SHREERAMA-EQ,Containers & Packaging,
SHREYANIND-EQ,Paper & Forest Products,
SHRIKRISH-EQ,NO DATA,
SHRINGARMS-EQ,Textiles & Apparel,
SHRIPISTON-EQ,Automobiles & Auto Parts,
SHRIRAMPPS-EQ,Real Estate Operations,
SHYAMCENT-EQ,Metals & Mining,
SICAGEN-EQ,Homebuilding & Construction Supplies,
SIGIND-EQ,Chemicals,
SIGMA-EQ,Software & IT Services,
SIGMAADV-EQ,Aerospace & Defense,
SIGNPOST-EQ,Media & Publishing,
SIKA-EQ,Chemicals,
SIKKO-EQ,Chemicals,
SIL-EQ,Textiles & Apparel,
SILGO-EQ,Textiles & Apparel,
SILINV-EQ,Investment Banking & Investment Services,
SILLYMONKS-EQ,Media & Publishing,
SILVERTUC-EQ,Software & IT Services,
SIMPLEXINF-EQ,Construction & Engineering,
SINCLAIR-EQ,Hotels & Entertainment Services,
SINDHUTRAD-EQ,Freight & Logistics Services,
SINGERIND-EQ,Household Goods,
SINTERCOM-EQ,Automobiles & Auto Parts,
SIRCA-EQ,Chemicals,
SIS-EQ,Professional & Commercial Services,
SIYSIL-EQ,Textiles & Apparel,
SJS-EQ,Automobiles & Auto Parts,
SKFINDIA-EQ,"Machinery, Equipment & Components",
SKFINDUS-EQ,"Machinery, Equipment & Components",
SKIPPER-EQ,Construction & Engineering,
SKMEGGPROD-EQ,Food & Tobacco,
SKYGOLD-EQ,Textiles & Apparel,
SMARTWORKS-EQ,Real Estate Operations,
SMCGLOBAL-EQ,Investment Banking & Investment Services,
SMLMAH-EQ,"Machinery, Equipment & Components",
SMLT-EQ,"Machinery, Equipment & Components",
SMSPHARMA-EQ,Pharmaceuticals,
SNOWMAN-EQ,Freight & Logistics Services,
SOLARA-EQ,Pharmaceuticals,
SOLARWORLD-EQ,Renewable Energy,
SOLEX-EQ,Renewable Energy,
SOMANYCERA-EQ,Homebuilding & Construction Supplies,
SOMATEX-EQ,Textiles & Apparel,
SOMICONVEY-EQ,Automobiles & Auto Parts,
SONAL-EQ,NO DATA,
SONAMLTD-EQ,Specialty Retailers,
SOTL-EQ,Oil & Gas,
SOUTHBANK-EQ,Banking Services,
SOUTHWEST-EQ,Oil & Gas Related Equipment and Services,
SPAL-EQ,Textiles & Apparel,
SPANDANA-EQ,Banking Services,
SPARC-EQ,Pharmaceuticals,
SPCENET-EQ,Investment Banking & Investment Services,
SPECIALITY-EQ,Hotels & Entertainment Services,
SPECTRUM-EQ,"Machinery, Equipment & Components",
SPENCERS-EQ,Specialty Retailers,
SPIC-EQ,Chemicals,
SPLIL-EQ,Textiles & Apparel,
SPMLINFRA-EQ,Construction & Engineering,
SPORTKING-EQ,Textiles & Apparel,
SRD-EQ,Chemicals,
SREEL-EQ,Textiles & Apparel,
SRGHFL-EQ,Banking Services,
SRHHYPOLTD-EQ,Chemicals,
SRM-EQ,Construction & Engineering,
SRTL-EQ,Textiles & Apparel,
SSDL-EQ,Textiles & Apparel,
SSWL-EQ,Automobiles & Auto Parts,
STALLION-EQ,Chemicals,
STANLEY-EQ,Household Goods,
STAR-EQ,Pharmaceuticals,
STARCEMENT-EQ,Construction Materials,
STARPAPER-EQ,Paper & Forest Products,
STARTECK-EQ,Banking Services,
STCINDIA-EQ,Diversified Industrial Goods Wholesale,
STEELCAS-EQ,Metals & Mining,
STEELCITY-EQ,Investment Banking & Investment Services,
STEELXIND-EQ,Software & IT Services,
STEL-EQ,Holding Companies,
STERTOOLS-EQ,Automobiles & Auto Parts,
STOVEKRAFT-EQ,Household Goods,
STUDDS-EQ,Leisure Products,
STYL-EQ,Professional & Commercial Services,
STYLAMIND-EQ,Homebuilding & Construction Supplies,
STYRENIX-EQ,Chemicals,
SUBROS-EQ,Automobiles & Auto Parts,
SUDARCOLOR-EQ,Chemicals,
SUDARSCHEM-EQ,Chemicals,
SUDEEPPHRM-EQ,Pharmaceuticals,
SUKHJITS-EQ,Food & Tobacco,
SULA-EQ,Beverages,
SUMEETINDS-EQ,Chemicals,
SUMMITSEC-EQ,Banking Services,
SUNCLAY-EQ,Automobiles & Auto Parts,
SUNDARAM-EQ,Paper & Forest Products,
SUNDRMBRAK-EQ,Automobiles & Auto Parts,
SUNDRMFAST-EQ,Automobiles & Auto Parts,
SUNDROP-EQ,Food & Tobacco,
SUNFLAG-EQ,Metals & Mining,
SUNTECK-EQ,Real Estate Operations,
SUPERHOUSE-EQ,Textiles & Apparel,
SUPERSPIN-EQ,Real Estate Operations,
SUPRAJIT-EQ,Automobiles & Auto Parts,
SUPREME-EQ,Real Estate Operations,
SUPREMEINF-EQ,Construction & Engineering,
SUPRIYA-EQ,Pharmaceuticals,
SURAJEST-EQ,Real Estate Operations,
SURAJLTD-EQ,Metals & Mining,
SURAKSHA-EQ,Healthcare Providers & Services,
SURANASOL-EQ,Renewable Energy,
SURANAT&P-EQ,Electrical Utilities & IPPs,
SURYALA-EQ,NO DATA,
SURYALAXMI-EQ,Textiles & Apparel,
SURYAROSNI-EQ,Metals & Mining,
SURYODAY-EQ,Banking Services,
SUTLEJTEX-EQ,Textiles & Apparel,
SUVEN-EQ,Biotechnology & Medical Research,
SUVIDHAA-EQ,Software & IT Services,
SUYOG-EQ,Construction & Engineering,
SVLL-EQ,Freight & Logistics Services,
SWARAJENG-EQ,Automobiles & Auto Parts,
SWELECTES-EQ,"Machinery, Equipment & Components",
SWSOLAR-EQ,Construction & Engineering,
SYMPHONY-EQ,Household Goods,
SYNCOMF-EQ,Pharmaceuticals,
SYSTMTXC-EQ,Investment Banking & Investment Services,
TAALTECH-EQ,NO DATA,
TAINWALCHM-EQ,Chemicals,
TAJGVK-EQ,Hotels & Entertainment Services,
TALBROAUTO-EQ,Automobiles & Auto Parts,
TAMBOLIIN-EQ,NO DATA,
TANLA-EQ,Software & IT Services,
TARACHAND-EQ,Construction & Engineering,
TARAPUR-EQ,"Machinery, Equipment & Components",
TARC-EQ,Real Estate Operations,
TARMAT-EQ,Construction & Engineering,
TARSONS-EQ,Healthcare Equipment & Supplies,
TASTYBITE-EQ,Food & Tobacco,
TATVA-EQ,Chemicals,
TBZ-EQ,Specialty Retailers,
TCC-EQ,Real Estate Operations,
TCI-EQ,Freight & Logistics Services,
TCIEXP-EQ,Freight & Logistics Services,
TCIFINANCE-EQ,Banking Services,
TCPLPACK-EQ,Containers & Packaging,
TDPOWERSYS-EQ,"Machinery, Equipment & Components",
TEAMGTY-EQ,Banking Services,
TEAMLEASE-EQ,Professional & Commercial Services,
TECHNVISN-EQ,NO DATA,
TECILCHEM-EQ,Holding Companies,
TEMBO-EQ,Textiles & Apparel,
TERASOFT-EQ,Software & IT Services,
TEXINFRA-EQ,Real Estate Operations,
TEXMOPIPES-EQ,Homebuilding & Construction Supplies,
TEXRAIL-EQ,"Machinery, Equipment & Components",
TFCILTD-EQ,Banking Services,
TFL-EQ,Investment Banking & Investment Services,
TGBHOTELS-EQ,Hotels & Entertainment Services,
THACKER-EQ,Real Estate Operations,
THAKDEV-EQ,NO DATA,
THANGAMAYL-EQ,Specialty Retailers,
THEINVEST-EQ,Investment Banking & Investment Services,
THEJO-EQ,Professional & Commercial Services,
THEMISMED-EQ,Pharmaceuticals,
THOMASCOOK-EQ,Hotels & Entertainment Services,
THOMASCOTT-EQ,Specialty Retailers,
THYROCARE-EQ,Healthcare Providers & Services,
TI-EQ,NO DATA,
TICL-EQ,Construction & Engineering,
TIIL-EQ,"Machinery, Equipment & Components",
TIL-EQ,"Machinery, Equipment & Components",
TIMETECHNO-EQ,Containers & Packaging,
TIMEX-EQ,NO DATA,
TINNARUBR-EQ,Chemicals,
TIPSFILMS-EQ,Media & Publishing,
TIPSMUSIC-EQ,Media & Publishing,
TIRUMALCHM-EQ,Chemicals,
TMB-EQ,Banking Services,
TNPETRO-EQ,Chemicals,
TNPL-EQ,Paper & Forest Products,
TNTELE-EQ,Communications & Networking,
TOLINS-EQ,Automobiles & Auto Parts,
TOTAL-EQ,Freight & Logistics Services,
TOUCHWOOD-EQ,Media & Publishing,
TPHQ-EQ,Construction & Engineering,
TPLPLASTEH-EQ,Containers & Packaging,
TRACXN-EQ,Professional & Commercial Services,
TRANSPEK-EQ,Chemicals,
TRANSRAILL-EQ,Construction & Engineering,
TRANSWORLD-EQ,Freight & Logistics Services,
TREEHOUSE-EQ,Personal & Household Products & Services,
TREJHARA-EQ,Software & IT Services,
TREL-EQ,Real Estate Operations,
TRF-EQ,"Machinery, Equipment & Components",
TRIGYN-EQ,Software & IT Services,
TRIVENI-EQ,Food & Tobacco,
TRU-EQ,Banking Services,
TRUALT-EQ,Renewable Energy,
TSFINV-EQ,Investment Banking & Investment Services,
TTKHLTCARE-EQ,Pharmaceuticals,
TTKPRESTIG-EQ,Household Goods,
TTL-EQ,Textiles & Apparel,
TVSELECT-EQ,"Computers, Phones & Household Electronics",
TVSHLTD-EQ,Automobiles & Auto Parts,
TVSSCS-EQ,Freight & Logistics Services,
TVSSRICHAK-EQ,Automobiles & Auto Parts,
TVTODAY-EQ,Media & Publishing,
TVVISION-EQ,Media & Publishing,
UCAL-EQ,Automobiles & Auto Parts,
UDS-EQ,Professional & Commercial Services,
UEL-EQ,Electrical Utilities & IPPs,
UFBL-EQ,Hotels & Entertainment Services,
UFLEX-EQ,Containers & Packaging,
UFO-EQ,Media & Publishing,
UGARSUGAR-EQ,Food & Tobacco,
UGROCAP-EQ,Investment Banking & Investment Services,
UJJIVANSFB-EQ,Banking Services,
ULTRAMAR-EQ,Oil & Gas,
UMAEXPORTS-EQ,Food & Tobacco,
UMIYA-MRO-EQ,NO DATA,
UNICHEMLAB-EQ,Pharmaceuticals,
UNIDT-EQ,Oil & Gas Related Equipment and Services,
UNIECOM-EQ,Software & IT Services,
UNIENTER-EQ,Chemicals,
UNIMECH-EQ,Aerospace & Defense,
UNIPARTS-EQ,Automobiles & Auto Parts,
UNITECH-EQ,Real Estate Operations,
UNITEDTEA-EQ,Food & Tobacco,
UNIVASTU-EQ,Construction & Engineering,
UNIVCABLES-EQ,"Machinery, Equipment & Components",
URAVIDEF-EQ,"Machinery, Equipment & Components",
URJA-EQ,Renewable Energy,
USK-EQ,Construction & Engineering,
UTKARSHBNK-EQ,Banking Services,
UTLSOLAR-EQ,"Machinery, Equipment & Components",
UTTAMSUGAR-EQ,Food & Tobacco,
UYFINCORP-EQ,Banking Services,
V2RETAIL-EQ,Specialty Retailers,
VADILALIND-EQ,Food & Tobacco,
VAIBHAVGBL-EQ,Textiles & Apparel,
VAKRANGEE-EQ,Software & IT Services,
VALIANTORG-EQ,Chemicals,
VARDHACRLC-EQ,Textiles & Apparel,
VARROC-EQ,Automobiles & Auto Parts,
VASWANI-EQ,Metals & Mining,
VCL-EQ,Textiles & Apparel,
VEEDOL-EQ,Oil & Gas,
VELJAN-EQ,"Machinery, Equipment & Components",
VENKEYS-EQ,Food & Tobacco,
VENTIVE-EQ,Hotels & Entertainment Services,
VENUSPIPES-EQ,Metals & Mining,
VENUSREM-EQ,Pharmaceuticals,
VERANDA-EQ,Miscellaneous Educational Service Providers,
VESUVIUS-EQ,"Machinery, Equipment & Components",
VETO-EQ,"Machinery, Equipment & Components",
VGL-EQ,Textiles & Apparel,
VGUARD-EQ,"Machinery, Equipment & Components",
VHL-EQ,Banking Services,
VIDHIING-EQ,Food & Tobacco,
VIDYAWIRES-EQ,"Machinery, Equipment & Components",
VIKASECO-EQ,Chemicals,
VIKASLIFE-EQ,Chemicals,
VIKRAMSOLR-EQ,Renewable Energy,
VIKRAN-EQ,Construction & Engineering,
VIMTALABS-EQ,Professional & Commercial Services,
VINATIORGA-EQ,Chemicals,
VINCOFE-EQ,Food & Tobacco,
VINDHYATEL-EQ,Communications & Networking,
VINNY-EQ,Textiles & Apparel,
VINYLINDIA-EQ,Chemicals,
VIPIND-EQ,Textiles & Apparel,
VIPULLTD-EQ,Real Estate Operations,
VIRINCHI-EQ,Software & IT Services,
VISAKAIND-EQ,Construction Materials,
VISHNU-EQ,Chemicals,
VISHWARAJ-EQ,Food & Tobacco,
VIVIDHA-EQ,Textiles & Apparel,
VIYASH-EQ,Pharmaceuticals,
VLSFINANCE-EQ,Investment Banking & Investment Services,
VMART-EQ,Diversified Retail,
VOLTAMP-EQ,"Machinery, Equipment & Components",
VRAJ-EQ,Metals & Mining,
VRLLOG-EQ,Freight & Logistics Services,
VSSL-EQ,Metals & Mining,
VSTIND-EQ,Food & Tobacco,
VSTL-EQ,Metals & Mining,
VSTTILLERS-EQ,"Machinery, Equipment & Components",
WAAREERTL-EQ,Electrical Utilities & IPPs,
WABAG-EQ,Water Utilities,
WAKEFIT-EQ,Household Goods,
WALCHANNAG-EQ,"Machinery, Equipment & Components",
WCIL-EQ,Freight & Logistics Services,
WEALTH-EQ,Investment Banking & Investment Services,
WEBELSOLAR-EQ,Renewable Energy,
WEIZMANIND-EQ,Textiles & Apparel,
WEL-EQ,Household Goods,
WELENT-EQ,Construction & Engineering,
WELSPLSOL-EQ,NO DATA,
WENDT-EQ,"Machinery, Equipment & Components",
WESTLIFE-EQ,Hotels & Entertainment Services,
WEWORK-EQ,Real Estate Operations,
WHEELS-EQ,Automobiles & Auto Parts,
WILLAMAGOR-EQ,Banking Services,
WIMPLAST-EQ,NO DATA,
WINDLAS-EQ,Pharmaceuticals,
WINDMACHIN-EQ,"Machinery, Equipment & Components",
WIPL-EQ,Paper & Forest Products,
WONDERLA-EQ,Hotels & Entertainment Services,
WORTHPERI-EQ,Containers & Packaging,
WPIL-EQ,"Machinery, Equipment & Components",
WSI-EQ,Construction & Engineering,
WSTCSTPAPR-EQ,Paper & Forest Products,
XCHANGING-EQ,Software & IT Services,
XELPMOC-EQ,Software & IT Services,
XPROINDIA-EQ,Chemicals,
XTGLOBAL-EQ,Software & IT Services,
YASHO-EQ,Chemicals,
YATHARTH-EQ,Healthcare Providers & Services,
YATRA-EQ,Hotels & Entertainment Services,
YUKEN-EQ,"Machinery, Equipment & Components",
ZAGGLE-EQ,Financial Technology (Fintech) & Infrastructure,
ZEELEARN-EQ,"School, College & University",
ZEEMEDIA-EQ,Media & Publishing,
ZENITHEXPO-EQ,Textiles & Apparel,
ZENITHSTL-EQ,Metals & Mining,
ZFSTEERING-EQ,NO DATA,
ZODIACLOTH-EQ,Textiles & Apparel,
ZOTA-EQ,Pharmaceuticals,
ZSARACOM-EQ,NO DATA,
ZUARI-EQ,Chemicals,
ZUARIIND-EQ,Food & Tobacco,
